id,course_type,course_name,teacher_name,submitter_name,feedback_content,evaluation_semester,last_updated_time
3,GEN,海洋生命科學導論,莊子,北冥有魚,"上課方式：
PPT、戶外教學、分組報告

上課內容：
這堂課主要會認識各種和海洋有關的知識，像是海洋是怎麼形成的、海洋裡有哪些生物，以及生活在海邊或濕地附近的生態系統。我們也會介紹不同的海洋生物和鳥類，了解牠們的生活方式與生存環境。除了認識海洋之外，也會一起討論近代人類活動對海洋和自然環境造成的影響，例如海洋垃圾、塑膠污染、生態破壞等議題，思考我們可以如何保護環境。

期中考後，班上會安排戶外教學，分組前往濕地進行實地觀察與學習，親自了解當地的生態環境。

學期最後，大家需要分組規劃一份淨灘企劃書，並實際參與淨灘活動，最後再將整個過程整理成 PPT 與影片，在期末進行成果發表，分享你們的學習與行動成果。


點名頻率：
這堂課每堂都會點名，小考也幾乎每次都有。考試前記得先把系級、學號和姓名寫好，不然可能會影響成績。

分數甜度/評分標準：
甜度大概三顆星 ⭐⭐⭐，不算涼課，但也不會太硬。
成績主要看出缺席、平時小考、戶外教學學習單、小組報告、淨灘企劃書，以及期末的成果報告和回饋心得。因為評分項目蠻多的，所以平常有跟上進度、按時交作業，基本上成績都不會太差。如果喜歡海洋、生態或戶外活動，而且願意和組員一起完成企劃和報告的話，這門課算是蠻有趣也很有成就感的。


考試方式與內容：
這門課沒有期中、期末考，但幾乎每堂課最後都會留 10～20 分鐘小考，大約 10 題左右。


收穫：
最大的收穫就是會學到很多海洋和生態相關的知識。以前去海邊或濕地可能只是覺得風景不錯，但修完課之後，看到一些常見的鳥類、魚類，甚至濕地生物，會知道牠們叫什麼名字，也比較了解牠們的習性和生活環境。而且課程也會提到海洋污染、塑膠垃圾、生態保育等議題，讓人對環境保護更有感。算是一門學完之後，真的會改變你看待海洋和自然方式的課。


加簽方式：
不開放加簽

其他意見：
我覺得大學還有戶外教學真的蠻難得的，而且實際到濕地觀察生態，比單純坐在教室上課有趣很多，推薦有興趣的人可以修修看！
另外提醒一下，每堂課記得帶紙跟筆，因為上課和小考都會用到。還有小組報告的部分不用太擔心，助教會幫大家分組，不用怕找不到組員或自己一個人一組。",113-1,2026-06-15 06:22:23
2,EDU,特殊教育學生評量,吳小峰,氟氯溴碘2,"上課方式：
主要是使用投影片搭配老師講解，偶爾老師也會分享一些課本以外的補充內容。整體上課步調算穩定，不會有太大的壓力。

上課內容：
課程前半段大多會介紹課本內容與特教相關理論，老師也會額外補充一些實際案例或延伸知識。後半段常會播放與特殊教育有關的影片，並完成影片心得，每次約 3～4 題，每題至少要寫 20 字，所以建議上課時認真看影片，寫起來會輕鬆很多。

點名頻率：
老師沒有另外點名，主要是透過每週繳交心得來確認出席情況，因此有到課並完成作業就沒什麼問題。

分數甜度/評分標準：
我覺得算甜，認真修課的人成績普遍不錯。我最後拿到 96 分，雖然小組報告表現沒有特別突出，但因為平時作業和出席都有顧好，所以成績還是很理想。
評分項目大致包含：
每週心得（也算出席）
新聞主題分享
期中考
小組報告

考試方式與內容：
期中考的範圍以上課內容和老師補充的資料為主。考前一週老師通常會提醒哪些內容比較重要，所以只要平時有聽課、考前整理一下筆記，準備起來不會太困難。

收穫：
這門課讓我對特殊教育有更完整的認識，也接觸到許多平常不太會主動了解的議題。老師提供的補充資料很多，也會借同學相關書籍閱讀，對未來想進一步了解特教或教育領域的人來說，是一門內容相當充實的課程。

加簽方式：
基本上老師都滿願意給加簽，只要課程名額還有空間，成功加簽的機會蠻高的。

其他意見：
雖然每週都有一些心得或作業需要完成，但整體負擔算合理，而且能學到不少東西。我自己到現在還留著當時整理的筆記，偶爾也會拿出來翻。對教育或特殊教育有興趣的人，我會蠻推薦修這門課的。",112-1,2026-06-15 06:25:29
1,EDU,特殊教育學生評量,吳小峰,其他綜合損益按公允價值衡量之金,"上課方式：

老師主要是用簡報搭配講義講解，後半學期會有很多實作練習。我自己平常不太喜歡一直發言，但只要認真聽課、跟著操作，其實都能跟上。

上課內容：

上課用書是《特殊教育學生評量》（心理出版社）。

前半學期主要在上理論，第一章會先介紹評量的基本概念，第二章稍微提到信度和效度，不過因為有其他課程會深入介紹，所以老師不會花太多時間。第三章則是在介紹各類障礙學生的鑑定評量，老師會請大家影印《特殊教育法》、《特殊教育學生鑑定辦法》等法規，也會安排小考。

期中考範圍是課本第 1～3 章，老師都有仔細講解，所以認真聽課、整理筆記就沒問題。

期中之後開始進入我覺得最有趣，也最有收穫的部分──各種測驗工具的實作。

首先是魏氏智力測驗（第五版），老師花了快一個月的時間介紹，因為這是老師的專長，所以講得非常詳細。上課會兩兩一組，直接拿正式測驗工具實際操作，除了學習標準化施測流程，也會了解不同分測驗之間代表的意義和關聯。

後面還會介紹適應行為量表，包含 ABAS 和文蘭。老師會給大家一份模擬個案資料，讓大家實際計算分數、查表並分析結果。我覺得這部分雖然一開始有點複雜，但慢慢練習之後會很有成就感。

點名頻率：

老師每次上課前都會直接唱名點名，所以建議不要太常遲到。

分數甜度/評分標準：

我自己拿到九十幾分，覺得分數算蠻甜的。不過班上也有人是八十幾分，所以還是要認真上課。

老師其實蠻重視課堂參與，有時候會突然提問，如果願意回答問題或分享想法，應該會有加分。不過像我比較內向、不太敢發言，只要平常認真聽課、作業和考試都有準備，成績也不會太差。

考試方式與內容：

小考大概有兩次，主要考《特殊教育學生鑑定辦法》，老師比較常考智能障礙、情緒行為障礙、自閉症等障礙類別的鑑定標準。

期中考考課本第 1～3 章後面的考古題，題型包含選擇題和問答題。

期末考則是考文蘭適應行為量表。老師會給一組數據和紀錄表，每個人都會拿到一本指導手冊，需要自己查表、計算和分析測驗結果。考試方式跟上課練習很像，所以平常有認真操作其實不會太困難。

收穫：

這門課讓我第一次真正了解特殊教育學生是怎麼被鑑定的，尤其是智能障礙學生的評量流程。從魏氏智力測驗的標準化施測，到 ABAS、文蘭適應行為量表的計算和分析，都讓我學到很多實務上的知識。

雖然內容比一般教育課程專業一點，但也因為有很多實作，所以學起來不會太無聊，反而會覺得自己真的接觸到特教現場。

加簽方式：

因為課程有人數限制，所以外系學生通常是學程生或公費生優先加簽，其餘雙主修、輔系或興趣選修的同學，要等前面的人加簽完才有機會。

想對有興趣的外系同學說：

如果之前完全沒有接觸過特殊教育，我會建議先修特教導論，再來修這門課。因為這堂課比較偏向評量和鑑定，先有基本概念會比較容易理解。

其他意見：

老師每次上課前都會先把講義放到雲端學院。我自己雖然有平板，但還是很推薦把魏氏智力測驗量表那部分的講義印出來，因為上課會一直翻閱、做筆記，紙本真的方便很多。

整體來說，這堂課內容很扎實，也很有專業性。雖然我一開始有點擔心自己跟不上，但老師講得很仔細，只要願意花時間學習，最後會覺得收穫很多。",113-1,2026-06-15 06:26:47
